{"Mean":{"confidence_interval":{"confidence_level":0.95,"lower_bound":3015270.8011772386,"upper_bound":3062064.0198303377},"point_estimate":3037896.826340462,"standard_error":11960.530541316335},"Median":{"confidence_interval":{"confidence_level":0.95,"lower_bound":3010973.5625,"upper_bound":3040951.120034843},"point_estimate":3023094.7044117646,"standard_error":7860.623062584438},"MedianAbsDev":{"confidence_interval":{"confidence_level":0.95,"lower_bound":50421.4701461885,"upper_bound":102778.28553960624},"point_estimate":71866.77794500688,"standard_error":13265.135987046693},"Slope":{"confidence_interval":{"confidence_level":0.95,"lower_bound":3053324.212117414,"upper_bound":3117998.670251581},"point_estimate":3084285.958185311,"standard_error":16554.69250684211},"StdDev":{"confidence_interval":{"confidence_level":0.95,"lower_bound":89398.97010682434,"upper_bound":147580.8061233906},"point_estimate":119938.35150136863,"standard_error":14934.964863666954}}