{"Mean":{"confidence_interval":{"confidence_level":0.95,"lower_bound":2965202.7478733254,"upper_bound":3019319.3277992937},"point_estimate":2989450.671282329,"standard_error":13827.787678201998},"Median":{"confidence_interval":{"confidence_level":0.95,"lower_bound":2958748.732394366,"upper_bound":3001613.695652174},"point_estimate":2986975.3314393936,"standard_error":11368.503357839521},"MedianAbsDev":{"confidence_interval":{"confidence_level":0.95,"lower_bound":61858.96568564812,"upper_bound":103837.94658744537},"point_estimate":86682.8888440129,"standard_error":10828.441288744812},"Slope":{"confidence_interval":{"confidence_level":0.95,"lower_bound":2957365.1712416606,"upper_bound":3015339.9053421086},"point_estimate":2984005.1284468747,"standard_error":14891.054141329438},"StdDev":{"confidence_interval":{"confidence_level":0.95,"lower_bound":78050.3855065322,"upper_bound":204530.28994375182},"point_estimate":138477.02462645588,"standard_error":37707.73137642557}}