{"Mean":{"confidence_interval":{"confidence_level":0.95,"lower_bound":100586.1252884646,"upper_bound":106181.79036777889},"point_estimate":103165.97201469123,"standard_error":1433.9297657317331},"Median":{"confidence_interval":{"confidence_level":0.95,"lower_bound":98515.04843205574,"upper_bound":99853.82428571429},"point_estimate":99186.82270833333,"standard_error":355.8242651845491},"MedianAbsDev":{"confidence_interval":{"confidence_level":0.95,"lower_bound":2069.238033718222,"upper_bound":3535.17890324683},"point_estimate":2843.6717850942778,"standard_error":369.2680169749782},"Slope":{"confidence_interval":{"confidence_level":0.95,"lower_bound":98556.67696653209,"upper_bound":100150.45243876093},"point_estimate":99293.81183508202,"standard_error":407.18850911099645},"StdDev":{"confidence_interval":{"confidence_level":0.95,"lower_bound":8367.121266352116,"upper_bound":19126.978868711394},"point_estimate":14409.195800305855,"standard_error":2740.1589796223857}}