{"Mean":{"confidence_interval":{"confidence_level":0.95,"lower_bound":-0.18039793896909556,"upper_bound":-0.1408602247689612},"point_estimate":-0.15985808900897458,"standard_error":0.010105651292004612},"Median":{"confidence_interval":{"confidence_level":0.95,"lower_bound":-0.14303825382485602,"upper_bound":-0.12311653684827228},"point_estimate":-0.1333522656392917,"standard_error":0.005169267216661569}}