{"Mean":{"confidence_interval":{"confidence_level":0.95,"lower_bound":-0.12204108062835417,"upper_bound":-0.05951369018935552},"point_estimate":-0.08532670207299808,"standard_error":0.016527436416466167},"Median":{"confidence_interval":{"confidence_level":0.95,"lower_bound":-0.08729776421359059,"upper_bound":-0.07295551329565153},"point_estimate":-0.08117278101301018,"standard_error":0.0035997536624299844}}