{"Mean":{"confidence_interval":{"confidence_level":0.95,"lower_bound":-0.08669534495735295,"upper_bound":-0.06517641982665644},"point_estimate":-0.07617078514782494,"standard_error":0.005460168887719456},"Median":{"confidence_interval":{"confidence_level":0.95,"lower_bound":-0.0812048403156318,"upper_bound":-0.06423607095738681},"point_estimate":-0.07165743307117722,"standard_error":0.004186804669048959}}