{"Mean":{"confidence_interval":{"confidence_level":0.95,"lower_bound":-0.006276110542568643,"upper_bound":0.015529427632162971},"point_estimate":0.004528754996273143,"standard_error":0.005524634457866415},"Median":{"confidence_interval":{"confidence_level":0.95,"lower_bound":-0.01150836378604625,"upper_bound":0.006963371430817483},"point_estimate":-0.0011449903759909175,"standard_error":0.004297062807365019}}