{"Mean":{"confidence_interval":{"confidence_level":0.95,"lower_bound":0.1386297647554572,"upper_bound":0.16695678557901},"point_estimate":0.1537679500247391,"standard_error":0.007190963083088057},"Median":{"confidence_interval":{"confidence_level":0.95,"lower_bound":0.14227886127276484,"upper_bound":0.16548678239050152},"point_estimate":0.15172631736420894,"standard_error":0.006066531524282975}}