{"Mean":{"confidence_interval":{"confidence_level":0.95,"lower_bound":3953.7659356122936,"upper_bound":4113.93384683305},"point_estimate":4029.511166431567,"standard_error":40.9449166014395},"Median":{"confidence_interval":{"confidence_level":0.95,"lower_bound":3888.9413362303094,"upper_bound":3948.573924232588},"point_estimate":3919.6701220135064,"standard_error":16.810001619085888},"MedianAbsDev":{"confidence_interval":{"confidence_level":0.95,"lower_bound":125.19733203798631,"upper_bound":237.86581772918552},"point_estimate":179.68650455523647,"standard_error":29.267183896480613},"Slope":{"confidence_interval":{"confidence_level":0.95,"lower_bound":3911.664681385003,"upper_bound":3997.5431262865386},"point_estimate":3950.2894421878486,"standard_error":21.85798533772816},"StdDev":{"confidence_interval":{"confidence_level":0.95,"lower_bound":275.9508129647049,"upper_bound":535.5718146935766},"point_estimate":413.38346589832565,"standard_error":66.54516945523008}}