{"Mean":{"confidence_interval":{"confidence_level":0.95,"lower_bound":9167.174237686606,"upper_bound":9325.742658928875},"point_estimate":9243.927119060607,"standard_error":40.472623351700705},"Median":{"confidence_interval":{"confidence_level":0.95,"lower_bound":9170.67261411637,"upper_bound":9329.760597985216},"point_estimate":9230.342883201887,"standard_error":41.48385667245048},"MedianAbsDev":{"confidence_interval":{"confidence_level":0.95,"lower_bound":236.40154302079202,"upper_bound":424.7255886142804},"point_estimate":313.1257710812099,"standard_error":49.41717473617513},"Slope":{"confidence_interval":{"confidence_level":0.95,"lower_bound":9277.29292006474,"upper_bound":9394.571450009105},"point_estimate":9337.435624800875,"standard_error":29.928747164034977},"StdDev":{"confidence_interval":{"confidence_level":0.95,"lower_bound":302.7268842531434,"upper_bound":523.1357049799348},"point_estimate":406.1087130046778,"standard_error":58.34171661739149}}