{"Mean":{"confidence_interval":{"confidence_level":0.95,"lower_bound":10798.62740493131,"upper_bound":12588.3589847419},"point_estimate":11630.39010242222,"standard_error":457.2598890979738},"Median":{"confidence_interval":{"confidence_level":0.95,"lower_bound":9876.096621428573,"upper_bound":10082.81064102564},"point_estimate":9990.36328310696,"standard_error":51.180403805105065},"MedianAbsDev":{"confidence_interval":{"confidence_level":0.95,"lower_bound":355.7424379701632,"upper_bound":891.1071422462769},"point_estimate":521.8880836472758,"standard_error":147.68483202834472},"Slope":{"confidence_interval":{"confidence_level":0.95,"lower_bound":11934.424131134352,"upper_bound":15690.46383219662},"point_estimate":13774.376772395448,"standard_error":959.160482886898},"StdDev":{"confidence_interval":{"confidence_level":0.95,"lower_bound":2972.419533602301,"upper_bound":5843.049125942548},"point_estimate":4574.487241565163,"standard_error":729.1084400956463}}