{"Mean":{"confidence_interval":{"confidence_level":0.95,"lower_bound":3450.484096509746,"upper_bound":3516.4399878597396},"point_estimate":3483.5997793523447,"standard_error":16.8594629567174},"Median":{"confidence_interval":{"confidence_level":0.95,"lower_bound":3466.422112010796,"upper_bound":3517.034875066454},"point_estimate":3493.5746044936905,"standard_error":12.900631629574903},"MedianAbsDev":{"confidence_interval":{"confidence_level":0.95,"lower_bound":73.14592316179964,"upper_bound":128.68121308296546},"point_estimate":96.26535178517197,"standard_error":14.513659054267563},"Slope":{"confidence_interval":{"confidence_level":0.95,"lower_bound":3482.958665287914,"upper_bound":3550.4672057944663},"point_estimate":3515.074253744306,"standard_error":17.15025326301866},"StdDev":{"confidence_interval":{"confidence_level":0.95,"lower_bound":124.35879926734343,"upper_bound":212.5954408343813},"point_estimate":169.8500977727557,"standard_error":22.572041725486113}}