{"Mean":{"confidence_interval":{"confidence_level":0.95,"lower_bound":3525.1593833637935,"upper_bound":3653.1135179146595},"point_estimate":3585.162437958053,"standard_error":32.70346647585313},"Median":{"confidence_interval":{"confidence_level":0.95,"lower_bound":3459.339489051095,"upper_bound":3546.9742126541655},"point_estimate":3497.4600130755625,"standard_error":24.572771980069863},"MedianAbsDev":{"confidence_interval":{"confidence_level":0.95,"lower_bound":122.8861830165758,"upper_bound":215.89966183963602},"point_estimate":165.708622865036,"standard_error":24.52764415304247},"Slope":{"confidence_interval":{"confidence_level":0.95,"lower_bound":3483.7553113890667,"upper_bound":3599.329232905975},"point_estimate":3533.5331684246976,"standard_error":29.503018542359985},"StdDev":{"confidence_interval":{"confidence_level":0.95,"lower_bound":219.47582504039664,"upper_bound":438.7007547683697},"point_estimate":327.5743863590593,"standard_error":57.724713444056015}}