{"Mean":{"confidence_interval":{"confidence_level":0.95,"lower_bound":12065131.631127186,"upper_bound":12396518.045973826},"point_estimate":12206733.174575306,"standard_error":85502.85666549657},"Median":{"confidence_interval":{"confidence_level":0.95,"lower_bound":11965057.472527472,"upper_bound":12124103.757575758},"point_estimate":12040186.29244186,"standard_error":37824.54990977946},"MedianAbsDev":{"confidence_interval":{"confidence_level":0.95,"lower_bound":225171.3612710285,"upper_bound":381984.80476495204},"point_estimate":286257.2900325703,"standard_error":40332.52436918282},"Slope":{"confidence_interval":{"confidence_level":0.95,"lower_bound":12062545.058741348,"upper_bound":12254122.562846715},"point_estimate":12151661.33538939,"standard_error":48980.14319220963},"StdDev":{"confidence_interval":{"confidence_level":0.95,"lower_bound":363349.59372811054,"upper_bound":1331033.8982946873},"point_estimate":856206.1538137783,"standard_error":285994.07108035893}}