{"Mean":{"confidence_interval":{"confidence_level":0.95,"lower_bound":2610762.706139545,"upper_bound":2661269.690015393},"point_estimate":2633022.3735850207,"standard_error":13009.08161267261},"Median":{"confidence_interval":{"confidence_level":0.95,"lower_bound":2598122.7503968254,"upper_bound":2641635.6153846155},"point_estimate":2624837.7403846155,"standard_error":11982.285958774746},"MedianAbsDev":{"confidence_interval":{"confidence_level":0.95,"lower_bound":57395.1172331934,"upper_bound":86781.16111471115},"point_estimate":73268.68042849204,"standard_error":7413.533745524139},"Slope":{"confidence_interval":{"confidence_level":0.95,"lower_bound":2594660.1620492144,"upper_bound":2677521.313702545},"point_estimate":2628339.547184868,"standard_error":21570.777867370005},"StdDev":{"confidence_interval":{"confidence_level":0.95,"lower_bound":67908.35229859785,"upper_bound":196132.04068574417},"point_estimate":130827.82497114707,"standard_error":37901.65249153057}}