{"Mean":{"confidence_interval":{"confidence_level":0.95,"lower_bound":13063554.413408335,"upper_bound":13845050.426893456},"point_estimate":13345457.008792553,"standard_error":228656.68149296183},"Median":{"confidence_interval":{"confidence_level":0.95,"lower_bound":13033389.10897436,"upper_bound":13153204.5625},"point_estimate":13103863.320153061,"standard_error":28466.811434127972},"MedianAbsDev":{"confidence_interval":{"confidence_level":0.95,"lower_bound":213519.26603199597,"upper_bound":336450.7081410568},"point_estimate":261879.4242590883,"standard_error":30932.67457366821},"Slope":{"confidence_interval":{"confidence_level":0.95,"lower_bound":13091078.588396128,"upper_bound":13788461.153119605},"point_estimate":13331476.285860796,"standard_error":193763.59265092923},"StdDev":{"confidence_interval":{"confidence_level":0.95,"lower_bound":303425.93138610985,"upper_bound":3890939.347551373},"point_estimate":2287208.9623598107,"standard_error":1259427.8890160942}}