{"Mean":{"confidence_interval":{"confidence_level":0.95,"lower_bound":3212917.0976293557,"upper_bound":3260742.2128100432},"point_estimate":3235934.329875767,"standard_error":12160.930456422251},"Median":{"confidence_interval":{"confidence_level":0.95,"lower_bound":3194935.578313253,"upper_bound":3229172.088235294},"point_estimate":3217535.6790123456,"standard_error":7780.274715639786},"MedianAbsDev":{"confidence_interval":{"confidence_level":0.95,"lower_bound":69735.2275680041,"upper_bound":108472.78363716515},"point_estimate":86501.38616812596,"standard_error":9887.474755639496},"Slope":{"confidence_interval":{"confidence_level":0.95,"lower_bound":3225841.009414708,"upper_bound":3285231.5028848303},"point_estimate":3253750.34893158,"standard_error":15145.90873937395},"StdDev":{"confidence_interval":{"confidence_level":0.95,"lower_bound":93754.14019981684,"upper_bound":146552.95939339092},"point_estimate":122382.77138367793,"standard_error":13498.452720449624}}