{"Mean":{"confidence_interval":{"confidence_level":0.95,"lower_bound":26373.378795889104,"upper_bound":27189.802622317282},"point_estimate":26750.36508633171,"standard_error":209.29809318993452},"Median":{"confidence_interval":{"confidence_level":0.95,"lower_bound":26171.5,"upper_bound":26513.39119112319},"point_estimate":26348.680759803923,"standard_error":82.40995869834683},"MedianAbsDev":{"confidence_interval":{"confidence_level":0.95,"lower_bound":512.3826653454172,"upper_bound":1172.9771703153406},"point_estimate":849.6552412431611,"standard_error":168.1519347102973},"Slope":{"confidence_interval":{"confidence_level":0.95,"lower_bound":26466.948441840694,"upper_bound":27748.29189565489},"point_estimate":27036.23383018899,"standard_error":328.9058155353207},"StdDev":{"confidence_interval":{"confidence_level":0.95,"lower_bound":1178.3354821557346,"upper_bound":2866.020669930916},"point_estimate":2108.5053906085045,"standard_error":424.04200094589555}}