{"Mean":{"confidence_interval":{"confidence_level":0.95,"lower_bound":23447.211719445386,"upper_bound":23838.975388622326},"point_estimate":23628.999141403077,"standard_error":99.96158328766568},"Median":{"confidence_interval":{"confidence_level":0.95,"lower_bound":23357.146828805977,"upper_bound":23628.924319727892},"point_estimate":23446.517487803205,"standard_error":63.152981971675736},"MedianAbsDev":{"confidence_interval":{"confidence_level":0.95,"lower_bound":429.71884953161145,"upper_bound":747.8412625126391},"point_estimate":597.8898739634924,"standard_error":77.22118783395065},"Slope":{"confidence_interval":{"confidence_level":0.95,"lower_bound":23249.71282640614,"upper_bound":23533.311924328704},"point_estimate":23391.037913262542,"standard_error":72.02599833367233},"StdDev":{"confidence_interval":{"confidence_level":0.95,"lower_bound":629.0437309548079,"upper_bound":1371.2981046575653},"point_estimate":997.6896984577295,"standard_error":196.6096046294821}}