{"Mean":{"confidence_interval":{"confidence_level":0.95,"lower_bound":28463.96916316927,"upper_bound":29636.45571830446},"point_estimate":29015.781811149423,"standard_error":299.8803613425973},"Median":{"confidence_interval":{"confidence_level":0.95,"lower_bound":27921.327890929853,"upper_bound":28602.73005952381},"point_estimate":28108.736756638136,"standard_error":173.32216647478205},"MedianAbsDev":{"confidence_interval":{"confidence_level":0.95,"lower_bound":980.5696302796354,"upper_bound":1564.6792818094896},"point_estimate":1297.6287915778687,"standard_error":139.70302283716637},"Slope":{"confidence_interval":{"confidence_level":0.95,"lower_bound":29060.751657091554,"upper_bound":31194.41932138803},"point_estimate":30071.569860035044,"standard_error":544.2035832789032},"StdDev":{"confidence_interval":{"confidence_level":0.95,"lower_bound":2115.253710186354,"upper_bound":3752.7831987142044},"point_estimate":3020.921466952052,"standard_error":416.64310926550695}}