{"Mean":{"confidence_interval":{"confidence_level":0.95,"lower_bound":25812.08043785768,"upper_bound":26628.196223143066},"point_estimate":26182.10721691104,"standard_error":208.7345525992145},"Median":{"confidence_interval":{"confidence_level":0.95,"lower_bound":25754.507276507276,"upper_bound":26242.569444444445},"point_estimate":25988.207264957266,"standard_error":116.70488582014838},"MedianAbsDev":{"confidence_interval":{"confidence_level":0.95,"lower_bound":652.4670189708986,"upper_bound":1064.3373705635959},"point_estimate":817.6722198486453,"standard_error":103.50765710707961},"Slope":{"confidence_interval":{"confidence_level":0.95,"lower_bound":25916.156057510652,"upper_bound":26740.904027565564},"point_estimate":26285.796875333916,"standard_error":210.64496377976832},"StdDev":{"confidence_interval":{"confidence_level":0.95,"lower_bound":1175.0186651170998,"upper_bound":2976.9356375353723},"point_estimate":2100.7300201982607,"standard_error":475.53956674203266}}