{"Mean":{"confidence_interval":{"confidence_level":0.95,"lower_bound":126124.12960148473,"upper_bound":139913.25434837848},"point_estimate":132818.26983344113,"standard_error":3525.5278699534524},"Median":{"confidence_interval":{"confidence_level":0.95,"lower_bound":109611.58220095315,"upper_bound":114356.57142857142},"point_estimate":110904.02080995135,"standard_error":1303.5728778115224},"MedianAbsDev":{"confidence_interval":{"confidence_level":0.95,"lower_bound":5048.946163141063,"upper_bound":13048.53335992719},"point_estimate":7164.278382709768,"standard_error":2228.043407658632},"Slope":{"confidence_interval":{"confidence_level":0.95,"lower_bound":110203.92994775726,"upper_bound":113521.83884777401},"point_estimate":111638.80961627506,"standard_error":845.9225563097017},"StdDev":{"confidence_interval":{"confidence_level":0.95,"lower_bound":30946.57870410918,"upper_bound":38902.458015620396},"point_estimate":35447.36059825446,"standard_error":2030.1529420123302}}