{"Mean":{"confidence_interval":{"confidence_level":0.95,"lower_bound":-0.11629618731400976,"upper_bound":-0.07514074279753223},"point_estimate":-0.09501726356958329,"standard_error":0.01054575911483104},"Median":{"confidence_interval":{"confidence_level":0.95,"lower_bound":-0.08416275187994936,"upper_bound":-0.05599572578659436},"point_estimate":-0.06900669937332071,"standard_error":0.006798961770262062}}