{"Mean":{"confidence_interval":{"confidence_level":0.95,"lower_bound":-0.7028351491933873,"upper_bound":-0.6676060847168589},"point_estimate":-0.6854600056308537,"standard_error":0.009048336302838463},"Median":{"confidence_interval":{"confidence_level":0.95,"lower_bound":-0.6885494305674028,"upper_bound":-0.6735973018744901},"point_estimate":-0.6788598202625683,"standard_error":0.0042233336853930705}}