{"Mean":{"confidence_interval":{"confidence_level":0.95,"lower_bound":0.01016033620760784,"upper_bound":0.05089603870100312},"point_estimate":0.029154514019572808,"standard_error":0.010420750736285997},"Median":{"confidence_interval":{"confidence_level":0.95,"lower_bound":-0.011199298641824451,"upper_bound":0.0188121303902315},"point_estimate":0.0011121584685422903,"standard_error":0.00760383084029246}}