{"Mean":{"confidence_interval":{"confidence_level":0.95,"lower_bound":-0.26592674276200723,"upper_bound":-0.14405572387304955},"point_estimate":-0.2051919980624375,"standard_error":0.031109961135965182},"Median":{"confidence_interval":{"confidence_level":0.95,"lower_bound":-0.08636244695470519,"upper_bound":-0.06181890608397567},"point_estimate":-0.07607535165314938,"standard_error":0.006285810067771976}}