{"Mean":{"confidence_interval":{"confidence_level":0.95,"lower_bound":-0.10301955164764931,"upper_bound":-0.0734431454323301},"point_estimate":-0.0878899650916598,"standard_error":0.007531828564742929},"Median":{"confidence_interval":{"confidence_level":0.95,"lower_bound":-0.08762779277215442,"upper_bound":-0.06692428941326957},"point_estimate":-0.07458086835284017,"standard_error":0.005330177786505694}}