{"Mean":{"confidence_interval":{"confidence_level":0.95,"lower_bound":0.0037550834438067893,"upper_bound":0.05560056619268505},"point_estimate":0.027919296010678663,"standard_error":0.013168223023842398},"Median":{"confidence_interval":{"confidence_level":0.95,"lower_bound":-0.003816736279390609,"upper_bound":0.025160346380350918},"point_estimate":0.007215929324082104,"standard_error":0.007413451683726129}}