{"Mean":{"confidence_interval":{"confidence_level":0.95,"lower_bound":-0.13009623497572234,"upper_bound":-0.10806634037946539},"point_estimate":-0.11965346946382782,"standard_error":0.00564071941595345},"Median":{"confidence_interval":{"confidence_level":0.95,"lower_bound":-0.12993704650814764,"upper_bound":-0.11126473627072753},"point_estimate":-0.12345091527215679,"standard_error":0.004825729405361889}}