{"Mean":{"confidence_interval":{"confidence_level":0.95,"lower_bound":0.114962887699811,"upper_bound":0.15097743634151375},"point_estimate":0.1320989486795201,"standard_error":0.009225642634470158},"Median":{"confidence_interval":{"confidence_level":0.95,"lower_bound":0.11376158098554678,"upper_bound":0.13195521283712663},"point_estimate":0.12377800982642362,"standard_error":0.00442100948980611}}