{"Mean":{"confidence_interval":{"confidence_level":0.95,"lower_bound":-0.11968951308265785,"upper_bound":-0.07326620518265771},"point_estimate":-0.09765977055801855,"standard_error":0.011843492699845354},"Median":{"confidence_interval":{"confidence_level":0.95,"lower_bound":-0.09157359905170526,"upper_bound":-0.0636877523370245},"point_estimate":-0.0754402273584952,"standard_error":0.007025595367134941}}