{"Mean":{"confidence_interval":{"confidence_level":0.95,"lower_bound":-0.2687045561938595,"upper_bound":-0.1754753256086633},"point_estimate":-0.22325466109395142,"standard_error":0.023799472795117228},"Median":{"confidence_interval":{"confidence_level":0.95,"lower_bound":-0.13361305960186215,"upper_bound":-0.09403957586477724},"point_estimate":-0.1056516978919726,"standard_error":0.010671441078589125}}