{"Mean":{"confidence_interval":{"confidence_level":0.95,"lower_bound":3611.4513444249415,"upper_bound":3685.1625374611112},"point_estimate":3646.6380418741596,"standard_error":18.888616479868876},"Median":{"confidence_interval":{"confidence_level":0.95,"lower_bound":3604.806170598911,"upper_bound":3683.597793103448},"point_estimate":3649.186624261133,"standard_error":18.531271370534164},"MedianAbsDev":{"confidence_interval":{"confidence_level":0.95,"lower_bound":116.44736719261348,"upper_bound":192.53603771373605},"point_estimate":157.255496688647,"standard_error":19.63992644045194},"Slope":{"confidence_interval":{"confidence_level":0.95,"lower_bound":3628.4118297136256,"upper_bound":3688.954627025963},"point_estimate":3659.80514441789,"standard_error":15.603134127061983},"StdDev":{"confidence_interval":{"confidence_level":0.95,"lower_bound":140.4827414137398,"upper_bound":241.007235857781},"point_estimate":189.6118979074678,"standard_error":26.255052504479455}}